{
	"credit": "Made with Blockbench",
	"parent": "block/block",
	"textures": {
		"bottom": "blast:block/tnt_bottom",
		"particle": "blast:block/bonesburrier_side",
		"side": "blast:block/bonesburrier_side",
		"top": "blast:block/bonesburrier_top"
	},
	"elements": [
		{
			"from": [0, 0, 0],
			"to": [2, 16, 16],
			"faces": {
				"north": {"uv": [14, 0, 16, 16], "texture": "#side"},
				"east": {"uv": [2, 2, 14, 16], "texture": "#side"},
				"south": {"uv": [0, 0, 2, 16], "texture": "#side"},
				"west": {"uv": [0, 0, 16, 16], "texture": "#side"},
				"up": {"uv": [0, 0, 2, 16], "texture": "#top"},
				"down": {"uv": [0, 0, 2, 16], "texture": "#bottom"}
			}
		},
		{
			"from": [14, 0, 0],
			"to": [16, 16, 16],
			"faces": {
				"north": {"uv": [0, 0, 2, 16], "texture": "#side"},
				"east": {"uv": [0, 0, 16, 16], "texture": "#side"},
				"south": {"uv": [14, 0, 16, 16], "texture": "#side"},
				"west": {"uv": [1, 2, 15, 16], "texture": "#side"},
				"up": {"uv": [14, 0, 16, 16], "texture": "#top"},
				"down": {"uv": [14, 0, 16, 16], "texture": "#bottom"}
			}
		},
		{
			"from": [2, 0, 0],
			"to": [14, 16, 2],
			"faces": {
				"north": {"uv": [2, 0, 14, 16], "texture": "#side"},
				"east": {"uv": [14, 0, 16, 16], "texture": "#side"},
				"south": {"uv": [2, 2, 14, 16], "texture": "#side"},
				"west": {"uv": [0, 0, 2, 16], "texture": "#side"},
				"up": {"uv": [2, 0, 14, 2], "texture": "#top"},
				"down": {"uv": [2, 14, 14, 16], "texture": "#bottom"}
			}
		},
		{
			"from": [2, 0, 14],
			"to": [14, 16, 16],
			"faces": {
				"north": {"uv": [2, 2, 14, 16], "texture": "#side"},
				"east": {"uv": [0, 0, 2, 16], "texture": "#side"},
				"south": {"uv": [2, 0, 14, 16], "texture": "#side"},
				"west": {"uv": [14, 0, 16, 16], "texture": "#side"},
				"up": {"uv": [2, 14, 14, 16], "texture": "#top"},
				"down": {"uv": [2, 0, 14, 2], "texture": "#bottom"}
			}
		},
		{
			"from": [2, 0, 2],
			"to": [14, 15, 14],
			"faces": {
				"north": {"uv": [0, 0, 18, 18], "texture": "#side"},
				"east": {"uv": [2, 1, 14, 16], "texture": "#side"},
				"south": {"uv": [2, 0, 14, 16], "texture": "#side"},
				"west": {"uv": [2, 1, 14, 16], "texture": "#side"},
				"up": {"uv": [2, 2, 14, 14], "texture": "#top"},
				"down": {"uv": [2, 2, 14, 14], "texture": "#bottom"}
			}
		}
	],
	"display": {
		"thirdperson_righthand": {
			"rotation": [75, 45, 0],
			"translation": [0, 2.5, 0],
			"scale": [0.375, 0.375, 0.375]
		},
		"thirdperson_lefthand": {
			"rotation": [75, 45, 0],
			"translation": [0, 2.5, 0],
			"scale": [0.375, 0.375, 0.375]
		},
		"firstperson_righthand": {
			"rotation": [0, 45, 0],
			"scale": [0.4, 0.4, 0.4]
		},
		"firstperson_lefthand": {
			"rotation": [0, 225, 0],
			"scale": [0.4, 0.4, 0.4]
		},
		"ground": {
			"translation": [0, 3, 0],
			"scale": [0.25, 0.25, 0.25]
		},
		"gui": {
			"rotation": [30, 225, 0],
			"scale": [0.625, 0.625, 0.625]
		},
		"fixed": {
			"scale": [0.5, 0.5, 0.5]
		}
	}
}