{
	"credit": "Made with Blockbench",
	"textures": {
		"0": "blast:block/remote_detonator_top",
		"1": "blast:block/remote_detonator_side",
		"2": "blast:block/remote_detonator_bottom",
		"3": "blast:block/remote_detonator_portal",
		"particle": "blast:block/remote_detonator_top"
	},
	"elements": [
		{
			"from": [0, 0, 0],
			"to": [16, 2, 16],
			"faces": {
				"north": {"uv": [0, 14, 16, 16], "texture": "#1"},
				"east": {"uv": [0, 14, 16, 16], "texture": "#1"},
				"south": {"uv": [0, 14, 16, 16], "texture": "#1"},
				"west": {"uv": [0, 14, 16, 16], "texture": "#1"},
				"up": {"uv": [0, 0, 16, 16], "texture": "#2"},
				"down": {"uv": [0, 0, 16, 16], "texture": "#2"}
			}
		},
		{
			"from": [0, 2, 0],
			"to": [16, 16, 16],
			"faces": {
				"north": {"uv": [0, 0, 16, 14], "texture": "#1"},
				"east": {"uv": [0, 0, 16, 14], "texture": "#1"},
				"south": {"uv": [0, 0, 16, 14], "texture": "#1"},
				"west": {"uv": [0, 0, 16, 14], "texture": "#1"},
				"up": {"uv": [0, 0, 16, 16], "texture": "#0"}
			}
		},
		{
			"from": [4, 2, 4],
			"to": [12, 8, 12],
			"faces": {
				"north": {"uv": [0, 10, 8, 16], "texture": "#3"},
				"east": {"uv": [0, 10, 8, 16], "texture": "#3"},
				"south": {"uv": [0, 10, 8, 16], "texture": "#3"},
				"west": {"uv": [0, 10, 8, 16], "texture": "#3"},
				"up": {"uv": [8, 0, 16, 8], "texture": "#3"},
				"down": {"uv": [8, 8, 16, 16], "texture": "#3"}
			}
		},
		{
			"from": [6, 7.5, 6],
			"to": [10, 9.5, 10],
			"faces": {
				"north": {"uv": [0, 2, 4, 0], "texture": "#3"},
				"east": {"uv": [0, 2, 4, 0], "texture": "#3"},
				"south": {"uv": [0, 2, 4, 0], "texture": "#3"},
				"west": {"uv": [0, 2, 4, 0], "texture": "#3"},
				"up": {"uv": [0, 2, 4, 6], "texture": "#3"},
				"down": {"uv": [0, 0, 4, 4], "texture": "#missing"}
			}
		}
	],
	"display": {
		"thirdperson_righthand": {
			"rotation": [75, 45, 0],
			"translation": [0, 2.5, 0],
			"scale": [0.375, 0.375, 0.375]
		},
		"thirdperson_lefthand": {
			"rotation": [75, 45, 0],
			"translation": [0, 2.5, 0],
			"scale": [0.375, 0.375, 0.375]
		},
		"firstperson_righthand": {
			"rotation": [0, 45, 0],
			"scale": [0.4, 0.4, 0.4]
		},
		"firstperson_lefthand": {
			"rotation": [0, 225, 0],
			"scale": [0.4, 0.4, 0.4]
		},
		"ground": {
			"translation": [0, 3, 0],
			"scale": [0.25, 0.25, 0.25]
		},
		"gui": {
			"rotation": [30, 225, 0],
			"scale": [0.625, 0.625, 0.625]
		},
		"fixed": {
			"scale": [0.5, 0.5, 0.5]
		}
	}
}