{
	"credit": "Made with Blockbench",
	"parent": "block/block",
	"textures": {
		"particle": "blast:block/cold_digger_bottom",
		"bottom": "blast:block/cold_digger_bottom",
		"top": "blast:block/strip_miner_top",
		"side": "blast:block/strip_miner_side",
		"saw": "block/stonecutter_saw"
	},
	"elements": [
		{
			"from": [0, 0, 13],
			"to": [3, 16, 16],
			"faces": {
				"north": {"uv": [0, 7, 3, 16], "texture": "#side"},
				"east": {"uv": [13, 7, 16, 16], "texture": "#side"},
				"south": {"uv": [0, 7, 3, 16], "texture": "#side"},
				"west": {"uv": [13, 7, 16, 16], "texture": "#side"},
				"up": {"uv": [0, 13, 3, 16], "texture": "#top"}
			}
		},
		{
			"from": [0, 0, 0],
			"to": [3, 16, 3],
			"faces": {
				"north": {"uv": [13, 7, 16, 16], "texture": "#side"},
				"east": {"uv": [0, 7, 3, 16], "texture": "#side"},
				"south": {"uv": [13, 7, 16, 16], "texture": "#side"},
				"west": {"uv": [0, 7, 3, 16], "texture": "#side"},
				"up": {"uv": [0, 0, 3, 3], "texture": "#top"}
			}
		},
		{
			"from": [13, 0, 0],
			"to": [16, 16, 3],
			"faces": {
				"north": {"uv": [0, 7, 3, 16], "texture": "#side"},
				"east": {"uv": [13, 7, 16, 16], "texture": "#side"},
				"south": {"uv": [0, 7, 3, 16], "texture": "#side"},
				"west": {"uv": [13, 7, 16, 16], "texture": "#side"},
				"up": {"uv": [13, 0, 16, 3], "texture": "#top"}
			}
		},
		{
			"from": [13, 0, 13],
			"to": [16, 16, 16],
			"faces": {
				"north": {"uv": [13, 7, 16, 16], "texture": "#side"},
				"east": {"uv": [0, 7, 3, 16], "texture": "#side"},
				"south": {"uv": [13, 7, 16, 16], "texture": "#side"},
				"west": {"uv": [0, 7, 3, 16], "texture": "#side"},
				"up": {"uv": [13, 13, 16, 16], "texture": "#top"}
			}
		},
		{
			"from": [0, 0, 0],
			"to": [16, 0, 16],
			"faces": {
				"north": {"uv": [0, 0, 16, 0], "texture": "#missing"},
				"east": {"uv": [0, 0, 16, 0], "texture": "#missing"},
				"south": {"uv": [0, 0, 16, 0], "texture": "#missing"},
				"west": {"uv": [0, 0, 16, 0], "texture": "#missing"},
				"up": {"uv": [0, 0, 16, 16], "texture": "#bottom"},
				"down": {"uv": [0, 0, 16, 16], "texture": "#bottom"}
			}
		},
		{
			"from": [15, 5, 3],
			"to": [16, 7, 13],
			"faces": {
				"north": {"uv": [0, 0, 1, 3], "texture": "#missing"},
				"east": {"uv": [13, 9, 3, 11], "texture": "#side"},
				"south": {"uv": [0, 0, 1, 3], "texture": "#missing"},
				"west": {"uv": [0, 0, 10, 3], "texture": "#missing"},
				"up": {"uv": [3, 9, 13, 10], "rotation": 90, "texture": "#side"},
				"down": {"uv": [3, 10, 13, 11], "rotation": 90, "texture": "#side"}
			}
		},
		{
			"from": [3, 5, 0],
			"to": [13, 7, 1],
			"faces": {
				"north": {"uv": [13, 9, 3, 11], "texture": "#side"},
				"east": {"uv": [0, 0, 1, 3], "texture": "#missing"},
				"south": {"uv": [0, 0, 10, 3], "texture": "#missing"},
				"west": {"uv": [0, 0, 1, 3], "texture": "#missing"},
				"up": {"uv": [3, 9, 13, 10], "texture": "#side"},
				"down": {"uv": [3, 10, 13, 11], "texture": "#side"}
			}
		},
		{
			"from": [0, 5, 3],
			"to": [1, 7, 13],
			"faces": {
				"north": {"uv": [0, 0, 1, 3], "texture": "#missing"},
				"east": {"uv": [3, 9, 13, 11], "texture": "#side"},
				"south": {"uv": [0, 0, 1, 3], "texture": "#missing"},
				"west": {"uv": [3, 9, 13, 11], "texture": "#side"},
				"up": {"uv": [3, 9, 13, 10], "rotation": 90, "texture": "#side"},
				"down": {"uv": [3, 10, 13, 11], "rotation": 90, "texture": "#side"}
			}
		},
		{
			"from": [3, 5, 15],
			"to": [13, 7, 16],
			"faces": {
				"north": {"uv": [3, 9, 13, 11], "texture": "#side"},
				"east": {"uv": [0, 0, 1, 3], "texture": "#missing"},
				"south": {"uv": [3, 9, 13, 11], "texture": "#side"},
				"west": {"uv": [0, 0, 1, 3], "texture": "#missing"},
				"up": {"uv": [3, 9, 13, 10], "texture": "#side"},
				"down": {"uv": [3, 10, 13, 11], "texture": "#side"}
			}
		},
		{
			"from": [0, 14, 3],
			"to": [1, 16, 13],
			"faces": {
				"north": {"uv": [0, 0, 1, 3], "texture": "#missing"},
				"east": {"uv": [13, 9, 3, 11], "texture": "#side"},
				"south": {"uv": [0, 0, 1, 3], "texture": "#missing"},
				"west": {"uv": [3, 9, 13, 11], "texture": "#side"},
				"up": {"uv": [3, 9, 13, 10], "rotation": 90, "texture": "#side"},
				"down": {"uv": [3, 10, 13, 11], "rotation": 90, "texture": "#side"}
			}
		},
		{
			"from": [3, 14, 0],
			"to": [13, 16, 1],
			"faces": {
				"north": {"uv": [13, 9, 3, 11], "texture": "#side"},
				"east": {"uv": [0, 0, 1, 3], "texture": "#missing"},
				"south": {"uv": [3, 9, 13, 11], "texture": "#side"},
				"west": {"uv": [0, 0, 1, 3], "texture": "#missing"},
				"up": {"uv": [3, 9, 13, 10], "texture": "#side"},
				"down": {"uv": [3, 10, 13, 11], "texture": "#side"}
			}
		},
		{
			"from": [15, 14, 3],
			"to": [16, 16, 13],
			"faces": {
				"north": {"uv": [0, 0, 1, 3], "texture": "#missing"},
				"east": {"uv": [13, 9, 3, 11], "texture": "#side"},
				"south": {"uv": [0, 0, 1, 3], "texture": "#missing"},
				"west": {"uv": [3, 9, 13, 11], "texture": "#side"},
				"up": {"uv": [3, 9, 13, 10], "rotation": 90, "texture": "#side"},
				"down": {"uv": [3, 10, 13, 11], "rotation": 90, "texture": "#side"}
			}
		},
		{
			"from": [3, 14, 15],
			"to": [13, 16, 16],
			"faces": {
				"north": {"uv": [3, 9, 13, 11], "texture": "#side"},
				"east": {"uv": [0, 0, 1, 3], "texture": "#missing"},
				"south": {"uv": [3, 9, 13, 11], "texture": "#side"},
				"west": {"uv": [0, 0, 1, 3], "texture": "#missing"},
				"up": {"uv": [3, 9, 13, 10], "texture": "#side"},
				"down": {"uv": [3, 10, 13, 11], "texture": "#side"}
			}
		},
		{
			"from": [0.999, -0.001, 0.999],
			"to": [15.001, 9.00099, 15.001],
			"faces": {
				"north": {"uv": [1, 7, 15, 16], "texture": "#side"},
				"east": {"uv": [1, 7, 15, 16], "texture": "#side"},
				"south": {"uv": [1, 7, 15, 16], "texture": "#side"},
				"west": {"uv": [1, 7, 15, 16], "texture": "#side"},
				"up": {"uv": [1, 1, 15, 15], "texture": "#top"}
			}
		},
		{
			"name": "saw1",
			"from": [5, 15, 7.5],
			"to": [11, 16, 8.5],
			"faces": {
				"north": {"uv": [5, 9, 11, 10], "texture": "#saw"},
				"east": {"uv": [10, 9, 11, 10], "texture": "#saw"},
				"south": {"uv": [11, 9, 5, 10], "texture": "#saw"},
				"west": {"uv": [5, 9, 6, 10], "texture": "#saw"},
				"up": {"uv": [11, 9, 5, 10], "texture": "#saw", "cullface": "up"}
			}
		},
		{
			"name": "saw4",
			"from": [1, 9, 7.5],
			"to": [15, 12, 8.5],
			"faces": {
				"north": {"uv": [1, 13, 15, 16], "texture": "#saw"},
				"east": {"uv": [1, 13, 2, 16], "texture": "#saw"},
				"south": {"uv": [15, 13, 1, 16], "texture": "#saw"},
				"west": {"uv": [14, 13, 15, 16], "texture": "#saw"},
				"up": {"uv": [15, 13, 1, 14], "texture": "#saw"}
			}
		},
		{
			"name": "saw3",
			"from": [2, 12, 7.5],
			"to": [14, 14, 8.5],
			"faces": {
				"north": {"uv": [2, 11, 14, 13], "texture": "#saw"},
				"east": {"uv": [2, 11, 3, 13], "texture": "#saw"},
				"south": {"uv": [14, 11, 2, 13], "texture": "#saw"},
				"west": {"uv": [13, 11, 14, 13], "texture": "#saw"},
				"up": {"uv": [14, 11, 2, 12], "texture": "#saw"}
			}
		},
		{
			"name": "saw2",
			"from": [3, 14, 7.5],
			"to": [13, 15, 8.5],
			"faces": {
				"north": {"uv": [3, 10, 13, 11], "texture": "#saw"},
				"east": {"uv": [12, 10, 13, 11], "texture": "#saw"},
				"south": {"uv": [13, 10, 3, 11], "texture": "#saw"},
				"west": {"uv": [3, 10, 4, 11], "texture": "#saw"},
				"up": {"uv": [13, 10, 3, 11], "texture": "#saw"}
			}
		}
	],
	"display": {
		"thirdperson_righthand": {
			"rotation": [75, 45, 0],
			"translation": [0, 2.5, 0],
			"scale": [0.375, 0.375, 0.375]
		},
		"thirdperson_lefthand": {
			"rotation": [75, 45, 0],
			"translation": [0, 2.5, 0],
			"scale": [0.375, 0.375, 0.375]
		},
		"firstperson_righthand": {
			"rotation": [0, 45, 0],
			"scale": [0.4, 0.4, 0.4]
		},
		"firstperson_lefthand": {
			"rotation": [0, 225, 0],
			"scale": [0.4, 0.4, 0.4]
		},
		"ground": {
			"translation": [0, 3, 0],
			"scale": [0.25, 0.25, 0.25]
		},
		"gui": {
			"rotation": [30, 225, 0],
			"scale": [0.625, 0.625, 0.625]
		},
		"fixed": {
			"scale": [0.5, 0.5, 0.5]
		}
	},
	"groups": [
		{
			"name": "poles",
			"origin": [0, 0, 0],
			"color": 0,
			"children": [0, 1, 2, 3, 4]
		},
		{
			"name": "beams",
			"origin": [0, 0, 0],
			"color": 0,
			"children": [5, 6, 7, 8, 9, 10, 11, 12]
		},
		{
			"name": "centre",
			"origin": [0, 0, 0],
			"color": 0,
			"children": [13]
		},
		{
			"name": "saw",
			"origin": [0, 0, 0],
			"color": 0,
			"children": [14, 15, 16, 17]
		}
	]
}