{
  "variants": {
    "facing=east,powered=false": {
      "model": "create:block/content_observer/block",
      "y": 90
    },
    "facing=east,powered=true": {
      "model": "create:block/content_observer/block_powered",
      "y": 90
    },
    "facing=north,powered=false": {
      "model": "create:block/content_observer/block"
    },
    "facing=north,powered=true": {
      "model": "create:block/content_observer/block_powered"
    },
    "facing=south,powered=false": {
      "model": "create:block/content_observer/block",
      "y": 180
    },
    "facing=south,powered=true": {
      "model": "create:block/content_observer/block_powered",
      "y": 180
    },
    "facing=west,powered=false": {
      "model": "create:block/content_observer/block",
      "y": 270
    },
    "facing=west,powered=true": {
      "model": "create:block/content_observer/block_powered",
      "y": 270
    }
  }
}